{
    "sourceFile": "src/components/applicationManagement.vue",
    "activeCommit": 0,
    "commits": [
        {
            "activePatchIndex": 25,
            "patches": [
                {
                    "date": 1686098708615,
                    "content": "Index: \n===================================================================\n--- \n+++ \n"
                },
                {
                    "date": 1686098727583,
                    "content": "Index: \n===================================================================\n--- \n+++ \n@@ -21,9 +21,9 @@\n         </el-col>\r\n       </el-row>\r\n     </div>\r\n     <div class=\"content\">\r\n-      <el-table :data=\"tableData\" border-style=\"width: 100%\">\r\n+      <el-table :data=\"tableData\" border style=\"width: 100%\">\r\n         <el-table-column prop=\"createTime\" label=\"日期\" width=\"180\">\r\n         </el-table-column>\r\n         <el-table-column prop=\"applicant\" label=\"姓名\" width=\"180\">\r\n         </el-table-column>\r\n"
                },
                {
                    "date": 1686099314453,
                    "content": "Index: \n===================================================================\n--- \n+++ \n@@ -24,8 +24,10 @@\n     <div class=\"content\">\r\n       <el-table :data=\"tableData\" border style=\"width: 100%\">\r\n         <el-table-column prop=\"createTime\" label=\"日期\" width=\"180\">\r\n         </el-table-column>\r\n+        <el-table-column prop=\"createTime\" label=\"日期\" width=\"180\">\r\n+        </el-table-column>\r\n         <el-table-column prop=\"applicant\" label=\"姓名\" width=\"180\">\r\n         </el-table-column>\r\n         <el-table-column prop=\"phone\" label=\"电话号\"> </el-table-column>\r\n         <el-table-column prop=\"sex\" label=\"电话号\"> </el-table-column>\r\n"
                },
                {
                    "date": 1686099324278,
                    "content": "Index: \n===================================================================\n--- \n+++ \n@@ -24,10 +24,9 @@\n     <div class=\"content\">\r\n       <el-table :data=\"tableData\" border style=\"width: 100%\">\r\n         <el-table-column prop=\"createTime\" label=\"日期\" width=\"180\">\r\n         </el-table-column>\r\n-        <el-table-column prop=\"createTime\" label=\"日期\" width=\"180\">\r\n-        </el-table-column>\r\n+        \r\n         <el-table-column prop=\"applicant\" label=\"姓名\" width=\"180\">\r\n         </el-table-column>\r\n         <el-table-column prop=\"phone\" label=\"电话号\"> </el-table-column>\r\n         <el-table-column prop=\"sex\" label=\"电话号\"> </el-table-column>\r\n"
                },
                {
                    "date": 1686099330770,
                    "content": "Index: \n===================================================================\n--- \n+++ \n@@ -24,11 +24,12 @@\n     <div class=\"content\">\r\n       <el-table :data=\"tableData\" border style=\"width: 100%\">\r\n         <el-table-column prop=\"createTime\" label=\"日期\" width=\"180\">\r\n         </el-table-column>\r\n-        \r\n         <el-table-column prop=\"applicant\" label=\"姓名\" width=\"180\">\r\n         </el-table-column>\r\n+        <el-table-column prop=\"applicant\" label=\"姓名\" width=\"180\">\r\n+        </el-table-column>\r\n         <el-table-column prop=\"phone\" label=\"电话号\"> </el-table-column>\r\n         <el-table-column prop=\"sex\" label=\"电话号\"> </el-table-column>\r\n         <el-table-column prop=\"reason\" label=\"原因\"> </el-table-column>\r\n         <el-table-column label=\"操作\" width=\"100\">\r\n"
                },
                {
                    "date": 1686099356421,
                    "content": "Index: \n===================================================================\n--- \n+++ \n@@ -26,10 +26,8 @@\n         <el-table-column prop=\"createTime\" label=\"日期\" width=\"180\">\r\n         </el-table-column>\r\n         <el-table-column prop=\"applicant\" label=\"姓名\" width=\"180\">\r\n         </el-table-column>\r\n-        <el-table-column prop=\"applicant\" label=\"姓名\" width=\"180\">\r\n-        </el-table-column>\r\n         <el-table-column prop=\"phone\" label=\"电话号\"> </el-table-column>\r\n         <el-table-column prop=\"sex\" label=\"电话号\"> </el-table-column>\r\n         <el-table-column prop=\"reason\" label=\"原因\"> </el-table-column>\r\n         <el-table-column label=\"操作\" width=\"100\">\r\n"
                },
                {
                    "date": 1686099367474,
                    "content": "Index: \n===================================================================\n--- \n+++ \n@@ -29,8 +29,11 @@\n         </el-table-column>\r\n         <el-table-column prop=\"phone\" label=\"电话号\"> </el-table-column>\r\n         <el-table-column prop=\"sex\" label=\"电话号\"> </el-table-column>\r\n         <el-table-column prop=\"reason\" label=\"原因\"> </el-table-column>\r\n+        <el-table-column prop=\"phone\" label=\"电话号\"> </el-table-column>\r\n+        <el-table-column prop=\"sex\" label=\"电话号\"> </el-table-column>\r\n+        <el-table-column prop=\"reason\" label=\"原因\"> </el-table-column>\r\n         <el-table-column label=\"操作\" width=\"100\">\r\n           <template slot-scope=\"scope\">\r\n             <el-button @click=\"del(scope.row)\" type=\"danger\" size=\"small\"\r\n               >删除</el-button\r\n"
                },
                {
                    "date": 1686099388067,
                    "content": "Index: \n===================================================================\n--- \n+++ \n@@ -153,8 +153,8 @@\n   font-weight: bold;\r\n }\r\n \r\n .content {\r\n-  width: 800px;\r\n+  width: 1000px;\r\n   margin: 20px auto;\r\n }\r\n </style>\n\\ No newline at end of file\n"
                },
                {
                    "date": 1686099402659,
                    "content": "Index: \n===================================================================\n--- \n+++ \n@@ -29,11 +29,8 @@\n         </el-table-column>\r\n         <el-table-column prop=\"phone\" label=\"电话号\"> </el-table-column>\r\n         <el-table-column prop=\"sex\" label=\"电话号\"> </el-table-column>\r\n         <el-table-column prop=\"reason\" label=\"原因\"> </el-table-column>\r\n-        <el-table-column prop=\"phone\" label=\"电话号\"> </el-table-column>\r\n-        <el-table-column prop=\"sex\" label=\"电话号\"> </el-table-column>\r\n-        <el-table-column prop=\"reason\" label=\"原因\"> </el-table-column>\r\n         <el-table-column label=\"操作\" width=\"100\">\r\n           <template slot-scope=\"scope\">\r\n             <el-button @click=\"del(scope.row)\" type=\"danger\" size=\"small\"\r\n               >删除</el-button\r\n@@ -153,8 +150,8 @@\n   font-weight: bold;\r\n }\r\n \r\n .content {\r\n-  width: 1000px;\r\n+  width: 800px;\r\n   margin: 20px auto;\r\n }\r\n </style>\n\\ No newline at end of file\n"
                },
                {
                    "date": 1686099411989,
                    "content": "Index: \n===================================================================\n--- \n+++ \n@@ -29,8 +29,11 @@\n         </el-table-column>\r\n         <el-table-column prop=\"phone\" label=\"电话号\"> </el-table-column>\r\n         <el-table-column prop=\"sex\" label=\"电话号\"> </el-table-column>\r\n         <el-table-column prop=\"reason\" label=\"原因\"> </el-table-column>\r\n+        <el-table-column prop=\"phone\" label=\"电话号\"> </el-table-column>\r\n+        <el-table-column prop=\"sex\" label=\"电话号\"> </el-table-column>\r\n+        <el-table-column prop=\"reason\" label=\"原因\"> </el-table-column>\r\n         <el-table-column label=\"操作\" width=\"100\">\r\n           <template slot-scope=\"scope\">\r\n             <el-button @click=\"del(scope.row)\" type=\"danger\" size=\"small\"\r\n               >删除</el-button\r\n"
                },
                {
                    "date": 1686099431821,
                    "content": "Index: \n===================================================================\n--- \n+++ \n@@ -29,11 +29,8 @@\n         </el-table-column>\r\n         <el-table-column prop=\"phone\" label=\"电话号\"> </el-table-column>\r\n         <el-table-column prop=\"sex\" label=\"电话号\"> </el-table-column>\r\n         <el-table-column prop=\"reason\" label=\"原因\"> </el-table-column>\r\n-        <el-table-column prop=\"phone\" label=\"电话号\"> </el-table-column>\r\n-        <el-table-column prop=\"sex\" label=\"电话号\"> </el-table-column>\r\n-        <el-table-column prop=\"reason\" label=\"原因\"> </el-table-column>\r\n         <el-table-column label=\"操作\" width=\"100\">\r\n           <template slot-scope=\"scope\">\r\n             <el-button @click=\"del(scope.row)\" type=\"danger\" size=\"small\"\r\n               >删除</el-button\r\n"
                },
                {
                    "date": 1686099440412,
                    "content": "Index: \n===================================================================\n--- \n+++ \n@@ -29,8 +29,12 @@\n         </el-table-column>\r\n         <el-table-column prop=\"phone\" label=\"电话号\"> </el-table-column>\r\n         <el-table-column prop=\"sex\" label=\"电话号\"> </el-table-column>\r\n         <el-table-column prop=\"reason\" label=\"原因\"> </el-table-column>\r\n+        <el-table-column prop=\"phone\" label=\"电话号\"> </el-table-column>\r\n+        <el-table-column prop=\"sex\" label=\"电话号\"> </el-table-column>\r\n+        <el-table-column prop=\"reason\" label=\"原因\"> </el-table-column>\r\n+        <el-table-column prop=\"reason\" label=\"原因\"> </el-table-column>\r\n         <el-table-column label=\"操作\" width=\"100\">\r\n           <template slot-scope=\"scope\">\r\n             <el-button @click=\"del(scope.row)\" type=\"danger\" size=\"small\"\r\n               >删除</el-button\r\n"
                },
                {
                    "date": 1686099450355,
                    "content": "Index: \n===================================================================\n--- \n+++ \n@@ -154,8 +154,8 @@\n   font-weight: bold;\r\n }\r\n \r\n .content {\r\n-  width: 800px;\r\n+  width: 1000px;\r\n   margin: 20px auto;\r\n }\r\n </style>\n\\ No newline at end of file\n"
                },
                {
                    "date": 1686099466416,
                    "content": "Index: \n===================================================================\n--- \n+++ \n@@ -22,9 +22,9 @@\n       </el-row>\r\n     </div>\r\n     <div class=\"content\">\r\n       <el-table :data=\"tableData\" border style=\"width: 100%\">\r\n-        <el-table-column prop=\"createTime\" label=\"日期\" width=\"180\">\r\n+        <el-table-column prop=\"createTime\" label=\"日期\" width=\"100\">\r\n         </el-table-column>\r\n         <el-table-column prop=\"applicant\" label=\"姓名\" width=\"180\">\r\n         </el-table-column>\r\n         <el-table-column prop=\"phone\" label=\"电话号\"> </el-table-column>\r\n"
                },
                {
                    "date": 1686099597958,
                    "content": "Index: \n===================================================================\n--- \n+++ \n@@ -22,19 +22,15 @@\n       </el-row>\r\n     </div>\r\n     <div class=\"content\">\r\n       <el-table :data=\"tableData\" border style=\"width: 100%\">\r\n-        <el-table-column prop=\"createTime\" label=\"日期\" width=\"100\">\r\n+        <el-table-column prop=\"createTime\" label=\"日期\" width=\"180\">\r\n         </el-table-column>\r\n         <el-table-column prop=\"applicant\" label=\"姓名\" width=\"180\">\r\n         </el-table-column>\r\n         <el-table-column prop=\"phone\" label=\"电话号\"> </el-table-column>\r\n         <el-table-column prop=\"sex\" label=\"电话号\"> </el-table-column>\r\n         <el-table-column prop=\"reason\" label=\"原因\"> </el-table-column>\r\n-        <el-table-column prop=\"phone\" label=\"电话号\"> </el-table-column>\r\n-        <el-table-column prop=\"sex\" label=\"电话号\"> </el-table-column>\r\n-        <el-table-column prop=\"reason\" label=\"原因\"> </el-table-column>\r\n-        <el-table-column prop=\"reason\" label=\"原因\"> </el-table-column>\r\n         <el-table-column label=\"操作\" width=\"100\">\r\n           <template slot-scope=\"scope\">\r\n             <el-button @click=\"del(scope.row)\" type=\"danger\" size=\"small\"\r\n               >删除</el-button\r\n@@ -154,8 +150,8 @@\n   font-weight: bold;\r\n }\r\n \r\n .content {\r\n-  width: 1000px;\r\n+  width: 800px;\r\n   margin: 20px auto;\r\n }\r\n </style>\n\\ No newline at end of file\n"
                },
                {
                    "date": 1686099606586,
                    "content": "Index: \n===================================================================\n--- \n+++ \n@@ -149,9 +149,8 @@\n   font-size: 20px;\r\n   font-weight: bold;\r\n }\r\n \r\n-.content {\r\n   width: 800px;\r\n   margin: 20px auto;\r\n }\r\n </style>\n\\ No newline at end of file\n"
                },
                {
                    "date": 1686099650877,
                    "content": "Index: \n===================================================================\n--- \n+++ \n@@ -34,8 +34,11 @@\n           <template slot-scope=\"scope\">\r\n             <el-button @click=\"del(scope.row)\" type=\"danger\" size=\"small\"\r\n               >删除</el-button\r\n             >\r\n+            <el-button @click=\"del(scope.row)\" type=\"danger\" size=\"small\"\r\n+              >删除</el-button\r\n+            >\r\n           </template>\r\n         </el-table-column>\r\n       </el-table>\r\n     </div>\r\n@@ -149,8 +152,9 @@\n   font-size: 20px;\r\n   font-weight: bold;\r\n }\r\n \r\n+.content {\r\n   width: 800px;\r\n   margin: 20px auto;\r\n }\r\n </style>\n\\ No newline at end of file\n"
                },
                {
                    "date": 1686099659557,
                    "content": "Index: \n===================================================================\n--- \n+++ \n@@ -35,9 +35,9 @@\n             <el-button @click=\"del(scope.row)\" type=\"danger\" size=\"small\"\r\n               >删除</el-button\r\n             >\r\n             <el-button @click=\"del(scope.row)\" type=\"danger\" size=\"small\"\r\n-              >删除</el-button\r\n+              >修改</el-button\r\n             >\r\n           </template>\r\n         </el-table-column>\r\n       </el-table>\r\n"
                },
                {
                    "date": 1686099686706,
                    "content": "Index: \n===================================================================\n--- \n+++ \n@@ -21,9 +21,9 @@\n         </el-col>\r\n       </el-row>\r\n     </div>\r\n     <div class=\"content\">\r\n-      <el-table :data=\"tableData\" border style=\"width: 100%\">\r\n+      <el-table :data=\"tableData\" border=\"\" style=\"width: 100%\">\r\n         <el-table-column prop=\"createTime\" label=\"日期\" width=\"180\">\r\n         </el-table-column>\r\n         <el-table-column prop=\"applicant\" label=\"姓名\" width=\"180\">\r\n         </el-table-column>\r\n"
                },
                {
                    "date": 1686099719539,
                    "content": "Index: \n===================================================================\n--- \n+++ \n@@ -21,9 +21,9 @@\n         </el-col>\r\n       </el-row>\r\n     </div>\r\n     <div class=\"content\">\r\n-      <el-table :data=\"tableData\" border=\"\" style=\"width: 100%\">\r\n+      <el-table :data=\"tableData\" :border=\"true\" style=\"width: 100%\">\r\n         <el-table-column prop=\"createTime\" label=\"日期\" width=\"180\">\r\n         </el-table-column>\r\n         <el-table-column prop=\"applicant\" label=\"姓名\" width=\"180\">\r\n         </el-table-column>\r\n"
                },
                {
                    "date": 1686099892098,
                    "content": "Index: \n===================================================================\n--- \n+++ \n@@ -153,8 +153,8 @@\n   font-weight: bold;\r\n }\r\n \r\n .content {\r\n-  width: 800px;\r\n+  /* width: 800px; */\r\n   margin: 20px auto;\r\n }\r\n </style>\n\\ No newline at end of file\n"
                },
                {
                    "date": 1686099917572,
                    "content": "Index: \n===================================================================\n--- \n+++ \n@@ -153,8 +153,8 @@\n   font-weight: bold;\r\n }\r\n \r\n .content {\r\n-  /* width: 800px; */\r\n+  width: 800px;\r\n   margin: 20px auto;\r\n }\r\n </style>\n\\ No newline at end of file\n"
                },
                {
                    "date": 1686099966558,
                    "content": "Index: \n===================================================================\n--- \n+++ \n@@ -30,9 +30,9 @@\n         <el-table-column prop=\"phone\" label=\"电话号\"> </el-table-column>\r\n         <el-table-column prop=\"sex\" label=\"电话号\"> </el-table-column>\r\n         <el-table-column prop=\"reason\" label=\"原因\"> </el-table-column>\r\n         <el-table-column label=\"操作\" width=\"100\">\r\n-          <template slot-scope=\"scope\">\r\n+          <template slot-scope=\"scope\" sty>\r\n             <el-button @click=\"del(scope.row)\" type=\"danger\" size=\"small\"\r\n               >删除</el-button\r\n             >\r\n             <el-button @click=\"del(scope.row)\" type=\"danger\" size=\"small\"\r\n@@ -153,8 +153,8 @@\n   font-weight: bold;\r\n }\r\n \r\n .content {\r\n-  width: 800px;\r\n+  width: 1200px;\r\n   margin: 20px auto;\r\n }\r\n </style>\n\\ No newline at end of file\n"
                },
                {
                    "date": 1686099973162,
                    "content": "Index: \n===================================================================\n--- \n+++ \n@@ -30,9 +30,9 @@\n         <el-table-column prop=\"phone\" label=\"电话号\"> </el-table-column>\r\n         <el-table-column prop=\"sex\" label=\"电话号\"> </el-table-column>\r\n         <el-table-column prop=\"reason\" label=\"原因\"> </el-table-column>\r\n         <el-table-column label=\"操作\" width=\"100\">\r\n-          <template slot-scope=\"scope\" sty>\r\n+          <template slot-scope=\"scope\" style={wi}>\r\n             <el-button @click=\"del(scope.row)\" type=\"danger\" size=\"small\"\r\n               >删除</el-button\r\n             >\r\n             <el-button @click=\"del(scope.row)\" type=\"danger\" size=\"small\"\r\n"
                },
                {
                    "date": 1686099979999,
                    "content": "Index: \n===================================================================\n--- \n+++ \n@@ -30,9 +30,9 @@\n         <el-table-column prop=\"phone\" label=\"电话号\"> </el-table-column>\r\n         <el-table-column prop=\"sex\" label=\"电话号\"> </el-table-column>\r\n         <el-table-column prop=\"reason\" label=\"原因\"> </el-table-column>\r\n         <el-table-column label=\"操作\" width=\"100\">\r\n-          <template slot-scope=\"scope\" style={width:'30px'}>\r\n+          <template slot-scope=\"scope\" style={width:''}>\r\n             <el-button @click=\"del(scope.row)\" type=\"danger\" size=\"small\"\r\n               >删除</el-button\r\n             >\r\n             <el-button @click=\"del(scope.row)\" type=\"danger\" size=\"small\"\r\n"
                },
                {
                    "date": 1686100517363,
                    "content": "Index: \n===================================================================\n--- \n+++ \n@@ -27,8 +27,9 @@\n         <el-table-column prop=\"sex\" label=\"性别\"> </el-table-column>\r\n         <el-table-column prop=\"schoolname\" label=\"学校\"> </el-table-column>\r\n         <el-table-column prop=\"xueli\" label=\"学历\"> </el-table-column>\r\n         <el-table-column prop=\"zhicheng\" label=\"职称\"> </el-table-column>\r\n+        \r\n \r\n         <el-table-column label=\"操作\">\r\n           <template slot-scope=\"scope\">\r\n             <el-button size=\"mini\" @click=\"handleEdit(scope.$index, scope.row)\">编辑</el-button>\r\n"
                }
            ],
            "date": 1686098708614,
            "name": "Commit-0",
            "content": "<template>\r\n  <div>\r\n    <div class=\"topText\">申请表管理</div>\r\n    <div class=\"content\">\r\n      <el-row :gutter=\"10\">\r\n        <el-col :span=\"12\">\r\n          <el-form>\r\n            <el-form-item label=\"姓名\" label-width=\"80px\">\r\n              <el-input\r\n                v-model=\"name\"\r\n                clearable\r\n                placeholder=\"请输入\"\r\n              ></el-input>\r\n            </el-form-item>\r\n          </el-form>\r\n        </el-col>\r\n        <el-col :span=\"12\">\r\n          <el-button type=\"success\" @click=\"search\">查询</el-button>\r\n          <el-button type=\"danger\" @click=\"quit\">退出</el-button>\r\n          <el-button type=\"primary\" @click=\"add\">新增</el-button>\r\n        </el-col>\r\n      </el-row>\r\n    </div>\r\n    <div class=\"content\">\r\n      <el-table :data=\"tableData\" border-style=\"width: 100%\">\r\n        <el-table-column prop=\"createTime\" label=\"日期\" width=\"180\">\r\n        </el-table-column>\r\n        <el-table-column prop=\"applicant\" label=\"姓名\" width=\"180\">\r\n        </el-table-column>\r\n        <el-table-column prop=\"phone\" label=\"电话号\"> </el-table-column>\r\n        <el-table-column prop=\"sex\" label=\"电话号\"> </el-table-column>\r\n        <el-table-column prop=\"reason\" label=\"原因\"> </el-table-column>\r\n        <el-table-column label=\"操作\" width=\"100\">\r\n          <template slot-scope=\"scope\">\r\n            <el-button @click=\"del(scope.row)\" type=\"danger\" size=\"small\"\r\n              >删除</el-button\r\n            >\r\n          </template>\r\n        </el-table-column>\r\n      </el-table>\r\n    </div>\r\n    <div class=\"content bottom\">\r\n      <el-pagination\r\n        @size-change=\"handleSizeChange\"\r\n        @current-change=\"handleCurrentChange\"\r\n        :current-page=\"nowPage\"\r\n        :page-sizes=\"[5, 10, 15, 20]\"\r\n        :page-size=\"size\"\r\n        layout=\"total, sizes, prev, pager, next, jumper\"\r\n        :total=\"allNums\"\r\n      >\r\n      </el-pagination>\r\n    </div>\r\n  </div>\r\n</template>\r\n\r\n<script>\r\nimport axios from \"axios\";\r\nexport default {\r\n  name: \"applicationManagement\",\r\n  data() {\r\n    return {\r\n      tableData: [],\r\n      name: \"\",\r\n      size: 5,\r\n      nowPage: 1,\r\n      allNums: 0,\r\n      nowSize: 0,\r\n    };\r\n  },\r\n  methods: {\r\n    del(data) {\r\n      axios({\r\n        method: \"DELETE\",\r\n        url: \"/api/admin/deleteApply\",\r\n        params: {\r\n          id: data.id,\r\n        },\r\n      })\r\n        .then((result) => {\r\n          if (result.data.msg == \"OK\") {\r\n            this.$message({\r\n              message: \"删除成功\",\r\n              type: \"success\",\r\n            });\r\n            if (this.nowSize == 1 && this.nowPage > 1) {\r\n              this.nowPage--;\r\n            }\r\n            this.getInfo();\r\n          } else {\r\n            this.$message({\r\n              message: \"删除失败\",\r\n              type: \"warning\",\r\n            });\r\n          }\r\n        })\r\n        .catch((err) => {\r\n          console.log(err);\r\n        });\r\n    },\r\n    search() {\r\n      // 查询\r\n      this.getInfo();\r\n    },\r\n    quit() {\r\n      // 退出\r\n      this.$store.commit(\"QUIT\");\r\n      this.$router.push(\"/login\");\r\n    },\r\n    handleSizeChange(val) {\r\n      this.size = val;\r\n      this.getInfo();\r\n    },\r\n    handleCurrentChange(val) {\r\n      this.nowPage = val;\r\n      this.getInfo();\r\n    },\r\n    add() {\r\n      this.$router.push(\"/fillApplication\");\r\n    },\r\n    getInfo() {\r\n      axios({\r\n        method: \"GET\",\r\n        url: \"/api/admin/getAllApply\",\r\n        params: {\r\n          beginIndex: this.nowPage,\r\n          name: this.name,\r\n          size: this.size,\r\n        },\r\n      })\r\n        .then((result) => {\r\n          this.tableData = result.data.data.records;\r\n          this.allNums = result.data.data.total;\r\n          this.nowSize = result.data.data.records.length;\r\n        })\r\n        .catch((err) => {\r\n          console.log(err);\r\n        });\r\n    },\r\n  },\r\n  mounted() {\r\n    this.getInfo();\r\n  },\r\n};\r\n</script>\r\n\r\n<style scoped>\r\n.topText {\r\n  font-size: 20px;\r\n  font-weight: bold;\r\n}\r\n\r\n.content {\r\n  width: 800px;\r\n  margin: 20px auto;\r\n}\r\n</style>"
        }
    ]
}