{
    "sourceFile": "src/components/fillApplication.vue",
    "activeCommit": 0,
    "commits": [
        {
            "activePatchIndex": 11,
            "patches": [
                {
                    "date": 1686013941908,
                    "content": "Index: \n===================================================================\n--- \n+++ \n"
                },
                {
                    "date": 1686013949066,
                    "content": "Index: \n===================================================================\n--- \n+++ \n@@ -53,9 +53,9 @@\n export default {\r\n   name: \"fillApplication\",\r\n   data() {\r\n     return {\r\n-      name: \"1111\",\r\n+      name: \"\",\r\n       sex: \"\",\r\n       phone: \"\",\r\n       type: \"\",\r\n       reason: \"\",\r\n"
                },
                {
                    "date": 1686014860626,
                    "content": "Index: \n===================================================================\n--- \n+++ \n@@ -5,8 +5,11 @@\n       <el-form label-width=\"80px\">\r\n         <el-form-item label=\"姓名:\">\r\n           <el-input v-model=\"name\" placeholder=\"请输入\"></el-input>\r\n         </el-form-item>\r\n+        <el-form-item label=\"姓名:\">\r\n+          <el-input v-model=\"name\" placeholder=\"请输入\"></el-input>\r\n+        </el-form-item>\r\n         <el-form-item label=\"年龄:\">\r\n           <el-input-number\r\n             v-model=\"num\"\r\n             @change=\"handleChange\"\r\n"
                },
                {
                    "date": 1686014940401,
                    "content": "Index: \n===================================================================\n--- \n+++ \n@@ -5,9 +5,9 @@\n       <el-form label-width=\"80px\">\r\n         <el-form-item label=\"姓名:\">\r\n           <el-input v-model=\"name\" placeholder=\"请输入\"></el-input>\r\n         </el-form-item>\r\n-        <el-form-item label=\"姓名:\">\r\n+        <!-- <el-form-item label=\"姓名:\">\r\n           <el-input v-model=\"name\" placeholder=\"请输入\"></el-input>\r\n         </el-form-item>\r\n         <el-form-item label=\"年龄:\">\r\n           <el-input-number\r\n@@ -18,9 +18,9 @@\n             :step=\"1\"\r\n             label=\"描述文字\"\r\n             :precision=\"0\"\r\n           ></el-input-number>\r\n-        </el-form-item>\r\n+        </el-form-item> -->\r\n         <el-form-item label=\"性别:\">\r\n           <el-radio-group v-model=\"sex\">\r\n             <el-radio label=\"男\"></el-radio>\r\n             <el-radio label=\"女\"></el-radio>\r\n"
                },
                {
                    "date": 1686014961324,
                    "content": "Index: \n===================================================================\n--- \n+++ \n@@ -1,8 +1,11 @@\n <template>\r\n   <div>\r\n     <div class=\"topText\">农村科技特派员申请表填写</div>\r\n     <div class=\"content\">\r\n+      <el-form-item label=\"姓名:\">\r\n+          <el-input v-model=\"name\" placeholder=\"请输入\"></el-input>\r\n+        </el-form-item>\r\n       <el-form label-width=\"80px\">\r\n         <el-form-item label=\"姓名:\">\r\n           <el-input v-model=\"name\" placeholder=\"请输入\"></el-input>\r\n         </el-form-item>\r\n"
                },
                {
                    "date": 1686014972191,
                    "content": "Index: \n===================================================================\n--- \n+++ \n@@ -1,9 +1,9 @@\n <template>\r\n   <div>\r\n     <div class=\"topText\">农村科技特派员申请表填写</div>\r\n     <div class=\"content\">\r\n-      <el-form-item label=\"姓名:\">\r\n+      <el-form-item label=\"编号:\">\r\n           <el-input v-model=\"name\" placeholder=\"请输入\"></el-input>\r\n         </el-form-item>\r\n       <el-form label-width=\"80px\">\r\n         <el-form-item label=\"姓名:\">\r\n"
                },
                {
                    "date": 1686014993886,
                    "content": "Index: \n===================================================================\n--- \n+++ \n@@ -1,7 +1,7 @@\n <template>\r\n   <div>\r\n-    <div class=\"topText\">农村科技特派员申请表填写</div>\r\n+    <div class=\"topText\">教师信息</div>\r\n     <div class=\"content\">\r\n       <el-form-item label=\"编号:\">\r\n           <el-input v-model=\"name\" placeholder=\"请输入\"></el-input>\r\n         </el-form-item>\r\n"
                },
                {
                    "date": 1686015010136,
                    "content": "Index: \n===================================================================\n--- \n+++ \n@@ -1,7 +1,7 @@\n <template>\r\n   <div>\r\n-    <div class=\"topText\">教师信息</div>\r\n+    <div class=\"topText\">教师信息表</div>\r\n     <div class=\"content\">\r\n       <el-form-item label=\"编号:\">\r\n           <el-input v-model=\"name\" placeholder=\"请输入\"></el-input>\r\n         </el-form-item>\r\n"
                },
                {
                    "date": 1686015057701,
                    "content": "Index: \n===================================================================\n--- \n+++ \n@@ -28,9 +28,9 @@\n             <el-radio label=\"男\"></el-radio>\r\n             <el-radio label=\"女\"></el-radio>\r\n           </el-radio-group>\r\n         </el-form-item>\r\n-        <el-form-item label=\"电话号:\">\r\n+        <el-form-item label=\"专业:\">\r\n           <el-input v-model=\"phone\" placeholder=\"请输入\"></el-input>\r\n         </el-form-item>\r\n         <el-form-item label=\"申请类型:\">\r\n           <el-input v-model=\"type\" placeholder=\"请输入\"></el-input>\r\n"
                },
                {
                    "date": 1686015063518,
                    "content": "Index: \n===================================================================\n--- \n+++ \n@@ -31,9 +31,9 @@\n         </el-form-item>\r\n         <el-form-item label=\"专业:\">\r\n           <el-input v-model=\"phone\" placeholder=\"请输入\"></el-input>\r\n         </el-form-item>\r\n-        <el-form-item label=\"申请类型:\">\r\n+        <el-form-item label=\"学历:\">\r\n           <el-input v-model=\"type\" placeholder=\"请输入\"></el-input>\r\n         </el-form-item>\r\n         <el-form-item label=\"原因:\">\r\n           <el-input\r\n"
                },
                {
                    "date": 1686015073933,
                    "content": "Index: \n===================================================================\n--- \n+++ \n@@ -34,9 +34,14 @@\n         </el-form-item>\r\n         <el-form-item label=\"学历:\">\r\n           <el-input v-model=\"type\" placeholder=\"请输入\"></el-input>\r\n         </el-form-item>\r\n-        \r\n+        <el-form-item label=\"专业:\">\r\n+          <el-input v-model=\"phone\" placeholder=\"请输入\"></el-input>\r\n+        </el-form-item>\r\n+        <el-form-item label=\"学历:\">\r\n+          <el-input v-model=\"type\" placeholder=\"请输入\"></el-input>\r\n+        </el-form-item>\r\n         <el-form-item label=\"原因:\">\r\n           <el-input\r\n             type=\"textarea\"\r\n             v-model=\"reason\"\r\n"
                },
                {
                    "date": 1686036281855,
                    "content": "Index: \n===================================================================\n--- \n+++ \n@@ -120,9 +120,9 @@\n           zhuanye: this.zhuanye,\r\n           xueli: this.xueli,\r\n           schoolname: this.yuanxiao,\r\n           zhicheng: this.zhicheng,\r\n-          riqi:this.riqi\r\n+          riqi: this.riqi\r\n \r\n         },\r\n       })\r\n         .then((result) => {\r\n"
                }
            ],
            "date": 1686013941908,
            "name": "Commit-0",
            "content": "<template>\r\n  <div>\r\n    <div class=\"topText\">农村科技特派员申请表填写</div>\r\n    <div class=\"content\">\r\n      <el-form label-width=\"80px\">\r\n        <el-form-item label=\"姓名:\">\r\n          <el-input v-model=\"name\" placeholder=\"请输入\"></el-input>\r\n        </el-form-item>\r\n        <el-form-item label=\"年龄:\">\r\n          <el-input-number\r\n            v-model=\"num\"\r\n            @change=\"handleChange\"\r\n            :min=\"18\"\r\n            :max=\"100\"\r\n            :step=\"1\"\r\n            label=\"描述文字\"\r\n            :precision=\"0\"\r\n          ></el-input-number>\r\n        </el-form-item>\r\n        <el-form-item label=\"性别:\">\r\n          <el-radio-group v-model=\"sex\">\r\n            <el-radio label=\"男\"></el-radio>\r\n            <el-radio label=\"女\"></el-radio>\r\n          </el-radio-group>\r\n        </el-form-item>\r\n        <el-form-item label=\"电话号:\">\r\n          <el-input v-model=\"phone\" placeholder=\"请输入\"></el-input>\r\n        </el-form-item>\r\n        <el-form-item label=\"申请类型:\">\r\n          <el-input v-model=\"type\" placeholder=\"请输入\"></el-input>\r\n        </el-form-item>\r\n        <el-form-item label=\"原因:\">\r\n          <el-input\r\n            type=\"textarea\"\r\n            v-model=\"reason\"\r\n            placeholder=\"请输入\"\r\n          ></el-input>\r\n        </el-form-item>\r\n        <!-- 操作框 -->\r\n        <el-form-item>\r\n          <el-button type=\"primary\" @click=\"submit\">确定</el-button>\r\n          <el-button type=\"warning\" @click=\"reset\">重置</el-button>\r\n          <el-button type=\"info\" @click=\"add\">管理</el-button>\r\n          <el-button type=\"danger\" @click=\"quit\">退出</el-button>\r\n        </el-form-item>\r\n      </el-form>\r\n    </div>\r\n  </div>\r\n</template>\r\n\r\n<script>\r\nimport axios from \"axios\";\r\nexport default {\r\n  name: \"fillApplication\",\r\n  data() {\r\n    return {\r\n      name: \"1111\",\r\n      sex: \"\",\r\n      phone: \"\",\r\n      type: \"\",\r\n      reason: \"\",\r\n      num: 18,\r\n    };\r\n  },\r\n  methods: {\r\n    add() {\r\n      this.$router.push(\"/applicationManagement\");\r\n    },\r\n    submit() {\r\n      // 提交(判断是否空值)\r\n      if (this.name.replace(/(^\\s*)|(\\s*$)/g, \"\") == \"\") {\r\n        this.$message({\r\n          message: \"请输入姓名\",\r\n          type: \"warning\",\r\n        });\r\n        return;\r\n      }\r\n      if (this.sex.replace(/(^\\s*)|(\\s*$)/g, \"\") == \"\") {\r\n        this.$message({\r\n          message: \"请选择性别\",\r\n          type: \"warning\",\r\n        });\r\n        return;\r\n      }\r\n      if (\r\n        this.phone.replace(/(^\\s*)|(\\s*$)/g, \"\") == \"\" ||\r\n        !/^(?:(?:\\+|00)86)?1(?:(?:3[\\d])|(?:4[5-79])|(?:5[0-35-9])|(?:6[5-7])|(?:7[0-8])|(?:8[\\d])|(?:9[1589]))\\d{8}$/.test(\r\n          this.phone\r\n        )\r\n      ) {\r\n        this.$message({\r\n          message: \"请输入正确的电话号\",\r\n          type: \"warning\",\r\n        });\r\n        return;\r\n      }\r\n      if (this.type.replace(/(^\\s*)|(\\s*$)/g, \"\") == \"\") {\r\n        this.$message({\r\n          message: \"请输入申请类型\",\r\n          type: \"warning\",\r\n        });\r\n        return;\r\n      }\r\n      if (this.reason.replace(/(^\\s*)|(\\s*$)/g, \"\") == \"\") {\r\n        this.$message({\r\n          message: \"请输入原因\",\r\n          type: \"warning\",\r\n        });\r\n        return;\r\n      }\r\n      axios({\r\n        method: \"POST\",\r\n        url: \"/api/admin/apply\",\r\n        params: {\r\n          applicant: this.name,\r\n          applyType: this.type,\r\n          phone: this.phone,\r\n          reason: this.reason,\r\n          sex: this.sex,\r\n        },\r\n      })\r\n        .then((result) => {\r\n          if (result.data.msg == \"OK\") {\r\n            this.$message({\r\n              message: \"填写成功\",\r\n              type: \"success\",\r\n            });\r\n            this.reset();\r\n          } else {\r\n            this.$message({\r\n              message: \"账号或密码错误\",\r\n              type: \"warning\",\r\n            });\r\n          }\r\n        })\r\n        .catch((err) => {\r\n          console.log(err);\r\n        });\r\n    },\r\n    reset() {\r\n      // 重置\r\n      this.name = \"\";\r\n      this.sex = \"\";\r\n      this.phone = \"\";\r\n      this.type = \"\";\r\n      this.reason = \"\";\r\n      this.num = 18;\r\n    },\r\n    quit() {\r\n      // 退出\r\n      this.$store.commit(\"QUIT\");\r\n      this.$router.push(\"/login\");\r\n    },\r\n    handleChange(val) {\r\n      this.num = val;\r\n    },\r\n  },\r\n};\r\n</script>\r\n\r\n<style>\r\n.topText {\r\n  font-size: 20px;\r\n  font-weight: bold;\r\n}\r\n\r\n.content {\r\n  width: 800px;\r\n  margin: 20px auto;\r\n}\r\n\r\n.el-radio-group {\r\n  position: relative;\r\n  left: -300px;\r\n}\r\n\r\n.el-input-number {\r\n  position: relative;\r\n  left: -270px;\r\n}\r\n</style>"
        }
    ]
}