{
    "sourceFile": "src/components/userRegister.vue",
    "activeCommit": 0,
    "commits": [
        {
            "activePatchIndex": 0,
            "patches": [
                {
                    "date": 1686105077534,
                    "content": "Index: \n===================================================================\n--- \n+++ \n"
                }
            ],
            "date": 1686105077534,
            "name": "Commit-0",
            "content": "<template>\r\n  <div>\r\n    <div class=\"topText\">学校教师管理系统</div>\r\n    <h1>注册</h1>\r\n    <div class=\"content\">\r\n      <el-form>\r\n        <el-form-item label=\"用户名:\" label-width=\"80px\">\r\n          <el-input v-model=\"name\" clearable placeholder=\"请输入\"></el-input>\r\n        </el-form-item>\r\n        <el-form-item label=\"性别:\" label-width=\"80px\">\r\n          <el-radio-group v-model=\"sex\">\r\n            <el-radio label=\"男\"></el-radio>\r\n            <el-radio label=\"女\"></el-radio>\r\n          </el-radio-group>\r\n        </el-form-item>\r\n        <el-form-item label=\"密码:\" label-width=\"80px\">\r\n          <el-input\r\n            v-model=\"password\"\r\n            type=\"password\"\r\n            clearable\r\n            placeholder=\"请输入\"\r\n          ></el-input>\r\n        </el-form-item>\r\n        <el-form-item label-width=\"80px\">\r\n          <el-button type=\"success\" @click=\"reg\">注册</el-button>\r\n          <el-button type=\"primary\" @click=\"login\">登录</el-button>\r\n        </el-form-item>\r\n      </el-form>\r\n    </div>\r\n  </div>\r\n</template>\r\n\r\n<script>\r\nimport axios from \"axios\";\r\nexport default {\r\n  name: \"userRegister\",\r\n  data() {\r\n    return {\r\n      name: \"\",\r\n      password: \"\",\r\n      sex: \"\",\r\n    };\r\n  },\r\n  methods: {\r\n    reg() {\r\n      if (this.name.replace(/(^\\s*)|(\\s*$)/g, \"\") == \"\") {\r\n        this.$message({\r\n          message: \"请输入姓名\",\r\n          type: \"warning\",\r\n        });\r\n        return;\r\n      }\r\n      if (this.password.replace(/(^\\s*)|(\\s*$)/g, \"\") == \"\") {\r\n        this.$message({\r\n          message: \"请输入密码\",\r\n          type: \"warning\",\r\n        });\r\n        return;\r\n      }\r\n      if (this.sex.replace(/(^\\s*)|(\\s*$)/g, \"\") == \"\") {\r\n        this.$message({\r\n          message: \"请选择性别\",\r\n          type: \"warning\",\r\n        });\r\n        return;\r\n      }\r\n      axios({\r\n        method: \"POST\",\r\n        url: \"/api/login/register\",\r\n        params: {\r\n          password: this.password,\r\n          sex: this.sex,\r\n          username: this.name,\r\n        },\r\n      })\r\n        .then((result) => {\r\n          console.log(result.data);\r\n          if (result.data.msg == \"OK\") {\r\n            this.$message({\r\n              message: \"注册成功\",\r\n              type: \"success\",\r\n            });\r\n            this.$router.push(\"/login\");\r\n          } else {\r\n            this.$message({\r\n              message: \"该账号已被注册\",\r\n              type: \"warning\",\r\n            });\r\n          }\r\n        })\r\n        .catch((err) => {\r\n          console.log(err);\r\n        });\r\n    },\r\n    login(){\r\n      this.$router.push(\"/login\")\r\n    }\r\n  },\r\n};\r\n</script>\r\n\r\n<style>\r\n</style>"
        }
    ]
}