{
    "sourceFile": "src/components/userLogin.vue",
    "activeCommit": 0,
    "commits": [
        {
            "activePatchIndex": 3,
            "patches": [
                {
                    "date": 1686099780827,
                    "content": "Index: \n===================================================================\n--- \n+++ \n"
                },
                {
                    "date": 1686105013470,
                    "content": "Index: \n===================================================================\n--- \n+++ \n@@ -1,6 +1,7 @@\n <template>\r\n   <div>\r\n+    \r\n     <h1>登录</h1>\r\n     <div class=\"content\">\r\n       <el-form>\r\n         <el-form-item label=\"姓名:\" label-width=\"80px\">\r\n"
                },
                {
                    "date": 1686105029579,
                    "content": "Index: \n===================================================================\n--- \n+++ \n@@ -1,7 +1,8 @@\n <template>\r\n   <div>\r\n-    \r\n+    <div class=\"content\">\r\n+\r\n     <h1>登录</h1>\r\n     <div class=\"content\">\r\n       <el-form>\r\n         <el-form-item label=\"姓名:\" label-width=\"80px\">\r\n"
                },
                {
                    "date": 1686105039024,
                    "content": "Index: \n===================================================================\n--- \n+++ \n@@ -1,8 +1,7 @@\n <template>\r\n   <div>\r\n-    <div class=\"content\">\r\n-\r\n+    <div class=\"topText\">学校教师管理系统</div>\r\n     <h1>登录</h1>\r\n     <div class=\"content\">\r\n       <el-form>\r\n         <el-form-item label=\"姓名:\" label-width=\"80px\">\r\n"
                }
            ],
            "date": 1686099780827,
            "name": "Commit-0",
            "content": "<template>\r\n  <div>\r\n    <h1>登录</h1>\r\n    <div class=\"content\">\r\n      <el-form>\r\n        <el-form-item label=\"姓名:\" label-width=\"80px\">\r\n          <el-input v-model=\"name\" clearable placeholder=\"请输入\"></el-input>\r\n        </el-form-item>\r\n        <el-form-item label=\"密码:\" label-width=\"80px\">\r\n          <el-input\r\n            v-model=\"password\"\r\n            type=\"password\"\r\n            clearable\r\n            placeholder=\"请输入\"\r\n          ></el-input>\r\n        </el-form-item>\r\n        <el-form-item label-width=\"80px\">\r\n          <el-button type=\"primary\" @click=\"login\">登录</el-button>\r\n          <el-button type=\"success\" @click=\"reg\">注册</el-button>\r\n        </el-form-item>\r\n      </el-form>\r\n    </div>\r\n  </div>\r\n</template>\r\n\r\n<script>\r\nimport axios from \"axios\";\r\nexport default {\r\n  name: \"userLogin\",\r\n  data() {\r\n    return {\r\n      name: \"\",\r\n      password: \"\",\r\n    };\r\n  },\r\n  methods: {\r\n    login() {\r\n      if (this.name.replace(/(^\\s*)|(\\s*$)/g, \"\") == \"\") {\r\n        this.$message({\r\n          message: \"请输入姓名\",\r\n          type: \"warning\",\r\n        });\r\n        return;\r\n      }\r\n      if (this.password.replace(/(^\\s*)|(\\s*$)/g, \"\") == \"\") {\r\n        this.$message({\r\n          message: \"请输入密码\",\r\n          type: \"warning\",\r\n        });\r\n        return;\r\n      }\r\n      axios({\r\n        method: \"POST\",\r\n        url: \"/api/login/login\",\r\n        params: {\r\n          password: this.password,\r\n          username: this.name,\r\n        },\r\n      })\r\n        .then((result) => {\r\n          if (result.data.msg == \"OK\") {\r\n            this.$message({\r\n              message: \"登录成功\",\r\n              type: \"success\",\r\n            });\r\n            this.$store.commit(\"LOGIN\", \"111111\");\r\n            this.$router.push(\"/applicationManagement\");\r\n          } else {\r\n            this.$message({\r\n              message: \"账号或密码错误\",\r\n              type: \"warning\",\r\n            });\r\n          }\r\n        })\r\n        .catch((err) => {\r\n          console.log(err);\r\n        });\r\n    },\r\n    reg(){\r\n      this.$router.push(\"/register\")\r\n    }\r\n  },\r\n};\r\n</script>\r\n\r\n<style>\r\n</style>"
        }
    ]
}