{
    "sourceFile": "src/router/index.js",
    "activeCommit": 0,
    "commits": [
        {
            "activePatchIndex": 3,
            "patches": [
                {
                    "date": 1686013673594,
                    "content": "Index: \n===================================================================\n--- \n+++ \n"
                },
                {
                    "date": 1686013700550,
                    "content": "Index: \n===================================================================\n--- \n+++ \n@@ -11,9 +11,9 @@\n const router = new VueRouter({\r\n   routes: [\r\n     {\r\n       // 访问路径\r\n-      path: \"/login\",\r\n+      path: \"/\",\r\n       component: userLogin,\r\n       meta: {\r\n         power: 0,\r\n         title: \"登录\",\r\n"
                },
                {
                    "date": 1686013714186,
                    "content": "Index: \n===================================================================\n--- \n+++ \n@@ -11,9 +11,9 @@\n const router = new VueRouter({\r\n   routes: [\r\n     {\r\n       // 访问路径\r\n-      path: \"/\",\r\n+      path: \"/login\",\r\n       component: userLogin,\r\n       meta: {\r\n         power: 0,\r\n         title: \"登录\",\r\n"
                },
                {
                    "date": 1686098243497,
                    "content": "Index: \n===================================================================\n--- \n+++ \n@@ -49,9 +49,9 @@\n     return;\r\n   }\r\n   // 判断是否登录\r\n   // if (!myVuex.state.token && !sessionStorage.getItem('token')) {\r\n-  //     next('/login')\r\n+  //     next('/login')npm\r\n   //     return\r\n   // }\r\n   next();\r\n });\r\n"
                }
            ],
            "date": 1686013673594,
            "name": "Commit-0",
            "content": "import VueRouter from \"vue-router\";\r\n// 引入vuex\r\n// import myVuex from '../store/index'\r\n// 引入组件\r\nimport userLogin from \"../components/userLogin\";\r\nimport userRegister from \"../components/userRegister\";\r\nimport fillApplication from \"../components/fillApplication\";\r\nimport applicationManagement from \"../components/applicationManagement\";\r\n\r\n// 创建一个路由器\r\nconst router = new VueRouter({\r\n  routes: [\r\n    {\r\n      // 访问路径\r\n      path: \"/login\",\r\n      component: userLogin,\r\n      meta: {\r\n        power: 0,\r\n        title: \"登录\",\r\n      },\r\n    },\r\n    {\r\n      path: \"/register\",\r\n      component: userRegister,\r\n      meta: {\r\n        power: 0,\r\n        title: \"注册\",\r\n      },\r\n    },\r\n    {\r\n      path: \"/fillApplication\",\r\n      component: fillApplication,\r\n      meta: {\r\n        title: \"填写申请表\",\r\n      },\r\n    },\r\n    {\r\n      path: \"/applicationManagement\",\r\n      component: applicationManagement,\r\n      meta: {\r\n        title: \"管理申请表\",\r\n      },\r\n    },\r\n  ],\r\n});\r\nrouter.beforeEach((to, from, next) => {\r\n  if (to.meta.power == 0) {\r\n    next();\r\n    return;\r\n  }\r\n  // 判断是否登录\r\n  // if (!myVuex.state.token && !sessionStorage.getItem('token')) {\r\n  //     next('/login')\r\n  //     return\r\n  // }\r\n  next();\r\n});\r\nrouter.afterEach((to) => {\r\n  document.title = to.meta.title;\r\n});\r\n\r\nexport default router;\r\n"
        }
    ]
}