<?xml version="1.0" encoding="UTF-8" ?>
<!DOCTYPE mapper
        PUBLIC "-//mybatis.org//DTD Mapper 3.0//EN"
        "http://mybatis.org/dtd/mybatis-3-mapper.dtd">
<mapper namespace="com.mapper.myworkMapper">


<!--    <resultMap id="myworkMap" type="mywork">-->
<!--        <result column="name" property="name"></result>-->
<!--        <result column="resname" property="resname"></result>-->
<!--        <result column="active" property="active"></result>-->
<!--    </resultMap>-->
    <select id="selectAll" resultType="mywork">
        select * from mywork;
    </select>
</mapper>
