{
    "sourceFile": "vue.config.js",
    "activeCommit": 0,
    "commits": [
        {
            "activePatchIndex": 0,
            "patches": [
                {
                    "date": 1686102775757,
                    "content": "Index: \n===================================================================\n--- \n+++ \n"
                }
            ],
            "date": 1686102775757,
            "name": "Commit-0",
            "content": "const { defineConfig } = require('@vue/cli-service')\nmodule.exports = defineConfig({\n  transpileDependencies: true,\n  devServer: {\n    proxy: {\n      '/api': {\n        target: 'http://localhost:11112/',//目标链接\n        pathRewrite: {\n          '^/api': ''\n        },\n        ws: true,\n        changeOrigin: true,\n      },\n    },\n  },\n})\n"
        }
    ]
}